Date,Open,High,Low,Close,Adj Close,Volume
1/3/2017,2.37,2.43,2.36,2.39,1.928368,457200
1/4/2017,2.38,2.39,2.37,2.39,1.928368,615800
1/5/2017,2.39,2.4,2.36,2.37,1.912231,776100
1/6/2017,2.37,2.43,2.37,2.41,1.944505,943700
1/9/2017,2.41,2.41,2.37,2.38,1.9203,961500
1/10/2017,2.38,2.39,2.37,2.38,1.9203,845600
1/11/2017,2.38,2.41,2.38,2.38,1.9203,774000
1/12/2017,2.4,2.4,2.37,2.38,1.9203,446300
1/13/2017,2.39,2.39,2.37,2.38,1.9203,408400
1/16/2017,2.38,2.39,2.38,2.38,1.9203,147600
1/17/2017,2.39,2.45,2.38,2.44,1.96871,903300
1/18/2017,2.44,2.45,2.41,2.44,1.96871,288900
1/19/2017,2.43,2.43,2.39,2.4,1.936437,5547100
1/20/2017,2.4,2.41,2.39,2.39,1.928368,398900
1/23/2017,2.4,2.42,2.39,2.4,1.936437,419800
1/24/2017,2.4,2.41,2.39,2.39,1.928368,252553
1/25/2017,2.4,2.43,2.4,2.4,1.936437,331100
1/26/2017,2.4,2.42,2.4,2.41,1.944505,363800
1/27/2017,2.42,2.45,2.41,2.43,1.960642,301000
1/31/2017,2.44,2.44,2.42,2.43,1.960642,540800
2/1/2017,2.41,2.42,2.38,2.4,1.961132,1023500
2/2/2017,2.42,2.45,2.4,2.43,1.985646,883200
2/3/2017,2.44,2.44,2.41,2.42,1.977475,449400
2/6/2017,2.42,2.44,2.42,2.44,1.993818,246500
2/7/2017,2.44,2.48,2.44,2.44,1.993818,1263100
2/8/2017,2.44,2.47,2.44,2.46,2.010161,206900
2/9/2017,2.45,2.5,2.45,2.46,2.010161,616900
2/10/2017,2.46,2.47,2.45,2.46,2.010161,774700
2/13/2017,2.45,2.46,2.45,2.45,2.001989,293100
2/14/2017,2.45,2.46,2.41,2.44,1.993818,488900
2/15/2017,2.44,2.44,2.39,2.41,1.969304,952300
2/16/2017,2.41,2.42,2.38,2.41,1.969304,1202500
2/17/2017,2.41,2.44,2.39,2.41,1.969304,614200
2/20/2017,2.43,2.47,2.43,2.45,2.001989,774200
2/21/2017,2.45,2.48,2.44,2.46,2.010161,990100
2/22/2017,2.46,2.47,2.43,2.45,2.001989,562100
2/23/2017,2.43,2.44,2.42,2.43,1.985646,721700
2/24/2017,2.42,2.44,2.39,2.41,1.969304,1322800
2/27/2017,2.41,2.43,2.4,2.41,1.969304,804500
2/28/2017,2.44,2.45,2.42,2.43,1.985646,1180200
3/1/2017,2.45,2.48,2.43,2.46,2.010161,1359700
3/2/2017,2.46,2.47,2.44,2.44,1.993818,331100
3/3/2017,2.45,2.46,2.44,2.44,1.993818,132600
3/6/2017,2.45,2.46,2.42,2.44,1.993818,326500
3/7/2017,2.44,2.48,2.43,2.43,1.985646,332600
3/8/2017,2.45,2.45,2.42,2.43,1.985646,140000
3/9/2017,2.43,2.44,2.41,2.42,1.977475,314500
3/10/2017,2.42,2.43,2.41,2.41,1.969304,280700
3/13/2017,2.43,2.43,2.41,2.43,1.985646,424500
3/14/2017,2.44,2.46,2.42,2.43,1.985646,356500
3/15/2017,2.44,2.45,2.43,2.43,1.985646,205100
3/16/2017,2.44,2.48,2.44,2.45,2.001989,1590700
3/17/2017,2.44,2.46,2.43,2.45,2.001989,620400
3/20/2017,2.46,2.47,2.44,2.44,1.993818,284500
3/21/2017,2.46,2.49,2.44,2.45,2.001989,541100
3/22/2017,2.46,2.48,2.45,2.46,2.010161,1717900
3/23/2017,2.46,2.47,2.44,2.45,2.001989,140800
3/24/2017,2.46,2.53,2.46,2.48,2.026504,1942300
3/27/2017,2.49,2.5,2.46,2.49,2.034675,1558700
3/28/2017,2.49,2.55,2.48,2.53,2.06736,3080300
3/29/2017,2.53,2.55,2.5,2.5,2.042846,5129000
3/30/2017,2.51,2.52,2.5,2.51,2.051018,543000
3/31/2017,2.5,2.54,2.5,2.52,2.059189,250800
4/3/2017,2.55,2.55,2.52,2.53,2.06736,328500
4/4/2017,2.54,2.54,2.51,2.51,2.051018,303500
4/5/2017,2.51,2.53,2.51,2.51,2.051018,434800
4/6/2017,2.54,2.55,2.52,2.53,2.06736,292900
4/7/2017,2.53,2.57,2.52,2.57,2.100046,502900
4/10/2017,2.55,2.57,2.53,2.53,2.06736,3251300
4/11/2017,2.55,2.57,2.53,2.56,2.091874,807600
4/12/2017,2.56,2.58,2.53,2.58,2.108217,459300
4/13/2017,2.58,2.6,2.53,2.58,2.108217,717900
4/17/2017,2.56,2.56,2.53,2.54,2.075532,168900
4/18/2017,2.55,2.58,2.55,2.58,2.108217,473000
4/19/2017,2.58,2.58,2.54,2.56,2.091874,412800
4/20/2017,2.56,2.57,2.55,2.55,2.083703,911300
4/21/2017,2.55,2.55,2.54,2.55,2.083703,657600
4/24/2017,2.54,2.57,2.53,2.53,2.06736,1363700
4/25/2017,2.55,2.6,2.54,2.6,2.124559,1115100
4/26/2017,2.59,2.6,2.58,2.59,2.116389,760300
4/27/2017,2.59,2.6,2.57,2.57,2.100046,493900
4/28/2017,2.57,2.58,2.56,2.56,2.091874,489900
5/2/2017,2.55,2.55,2.51,2.52,2.085915,569900
5/3/2017,2.52,2.56,2.52,2.53,2.094192,369600
5/4/2017,2.54,2.58,2.54,2.57,2.127302,397400
5/5/2017,2.56,2.56,2.52,2.52,2.085915,486700
5/8/2017,2.53,2.55,2.52,2.55,2.110747,827600
5/9/2017,2.55,2.61,2.55,2.57,2.127302,611600
5/11/2017,2.57,2.6,2.56,2.57,2.127302,741900
5/12/2017,2.58,2.59,2.56,2.56,2.119025,594100
5/15/2017,2.57,2.58,2.55,2.55,2.110747,603600
5/16/2017,2.56,2.59,2.55,2.59,2.143857,389500
5/17/2017,2.59,2.59,2.57,2.58,2.13558,340500
5/18/2017,2.58,2.59,2.57,2.59,2.143857,436200
5/19/2017,2.59,2.59,2.56,2.57,2.127302,146900
5/22/2017,2.57,2.59,2.57,2.58,2.13558,405800
5/23/2017,2.59,2.59,2.57,2.58,2.13558,684000
5/24/2017,2.59,2.59,2.57,2.58,2.13558,744900
5/25/2017,2.58,2.6,2.58,2.6,2.152134,1271500
5/26/2017,2.6,2.61,2.58,2.58,2.13558,619000
5/29/2017,2.59,2.62,2.58,2.61,2.160412,592200
5/30/2017,2.61,2.62,2.6,2.61,2.160412,184400
5/31/2017,2.62,2.62,2.61,2.62,2.168689,210800
6/1/2017,2.62,2.62,2.61,2.61,2.160412,276100
6/2/2017,2.61,2.62,2.61,2.62,2.168689,618100
6/5/2017,2.62,2.64,2.61,2.61,2.160412,706700
6/6/2017,2.62,2.62,2.6,2.6,2.152134,156500
6/7/2017,2.61,2.69,2.6,2.62,2.168689,1146600
6/8/2017,2.63,2.63,2.6,2.6,2.152134,568200
6/9/2017,2.61,2.65,2.61,2.63,2.176967,743700
6/12/2017,2.65,2.69,2.62,2.68,2.218354,1114400
6/13/2017,2.7,2.71,2.67,2.68,2.218354,291200
6/14/2017,2.68,2.69,2.63,2.63,2.176967,490200
6/15/2017,2.64,2.66,2.63,2.65,2.193521,323200
6/16/2017,2.66,2.68,2.65,2.66,2.201799,368100
6/19/2017,2.66,2.67,2.63,2.65,2.193521,170600
6/20/2017,2.65,2.66,2.64,2.64,2.185244,834900
6/21/2017,2.64,2.64,2.59,2.61,2.160412,533100
6/22/2017,2.6,2.63,2.6,2.6,2.152134,508100
6/23/2017,2.61,2.64,2.6,2.63,2.176967,286400
6/27/2017,2.62,2.67,2.61,2.64,2.185244,552700
6/28/2017,2.62,2.66,2.62,2.63,2.176967,236300
6/29/2017,2.64,2.69,2.64,2.69,2.226631,740400
6/30/2017,2.68,2.69,2.66,2.68,2.218354,417500
7/3/2017,2.68,2.69,2.65,2.65,2.193521,502300
7/4/2017,2.66,2.66,2.63,2.64,2.185244,466100
7/5/2017,2.64,2.66,2.63,2.66,2.201799,528100
7/6/2017,2.66,2.66,2.62,2.62,2.168689,664400
7/7/2017,2.62,2.64,2.6,2.62,2.168689,723200
7/10/2017,2.61,2.63,2.6,2.6,2.152134,670300
7/11/2017,2.62,2.67,2.6,2.67,2.210077,558600
7/12/2017,2.66,2.68,2.64,2.67,2.210077,346100
7/13/2017,2.67,2.69,2.66,2.67,2.210077,692500
7/14/2017,2.65,2.66,2.64,2.66,2.201799,409100
7/17/2017,2.66,2.69,2.65,2.66,2.201799,529700
7/18/2017,2.66,2.68,2.64,2.68,2.218354,410700
7/19/2017,2.68,2.69,2.66,2.68,2.218354,808800
7/20/2017,2.68,2.7,2.67,2.67,2.210077,1695900
7/21/2017,2.67,2.68,2.64,2.66,2.201799,662700
7/24/2017,2.66,2.68,2.63,2.67,2.210077,584800
7/25/2017,2.68,2.76,2.68,2.76,2.284574,2240900
7/26/2017,2.75,2.79,2.69,2.79,2.309406,866100
7/27/2017,2.78,2.82,2.77,2.8,2.317683,323700
7/28/2017,2.8,2.81,2.73,2.74,2.268018,649500
7/31/2017,2.7,2.75,2.7,2.71,2.26852,929200
8/1/2017,2.71,2.73,2.68,2.7,2.260149,1174000
8/2/2017,2.7,2.72,2.66,2.71,2.26852,810200
8/3/2017,2.71,2.73,2.69,2.72,2.276892,231300
8/4/2017,2.72,2.78,2.72,2.74,2.293634,1533900
8/7/2017,2.77,2.77,2.7,2.71,2.26852,406200
8/8/2017,2.71,2.72,2.69,2.69,2.251779,421500
8/10/2017,2.69,2.7,2.66,2.66,2.226666,789500
8/11/2017,2.66,2.68,2.62,2.66,2.226666,1174500
8/14/2017,2.68,2.74,2.66,2.72,2.276892,423900
8/15/2017,2.73,2.74,2.71,2.73,2.285263,438200
8/16/2017,2.73,2.73,2.69,2.69,2.251779,566900
8/17/2017,2.69,2.71,2.69,2.7,2.260149,377200
8/18/2017,2.7,2.71,2.68,2.7,2.260149,517300
8/21/2017,2.7,2.71,2.69,2.69,2.251779,1121000
8/22/2017,2.69,2.71,2.69,2.7,2.260149,1333400
8/23/2017,2.71,2.74,2.69,2.7,2.260149,2302500
8/24/2017,2.69,2.72,2.68,2.7,2.260149,3232300
8/25/2017,2.69,2.7,2.68,2.69,2.251779,5442700
8/28/2017,2.69,2.71,2.69,2.7,2.260149,261400
8/29/2017,2.7,2.7,2.69,2.7,2.260149,200700
8/30/2017,2.69,2.7,2.68,2.69,2.251779,326500
8/31/2017,2.7,2.72,2.69,2.69,2.251779,844200
9/4/2017,2.71,2.71,2.69,2.7,2.260149,114600
9/5/2017,2.7,2.7,2.66,2.67,2.235037,607500
9/6/2017,2.67,2.68,2.67,2.68,2.243408,154600
9/7/2017,2.68,2.7,2.67,2.68,2.243408,592000
9/8/2017,2.68,2.68,2.64,2.65,2.218295,618400
9/11/2017,2.65,2.67,2.64,2.65,2.218295,423200
9/12/2017,2.65,2.7,2.65,2.68,2.243408,570900
9/13/2017,2.67,2.75,2.67,2.72,2.276892,1740600
9/14/2017,2.72,2.75,2.67,2.67,2.235037,1832800
9/15/2017,2.67,2.72,2.67,2.72,2.276892,637300
9/18/2017,2.71,2.74,2.69,2.7,2.260149,760000
9/19/2017,2.7,2.72,2.68,2.68,2.243408,187800
9/20/2017,2.69,2.72,2.67,2.69,2.251779,638300
9/21/2017,2.69,2.69,2.64,2.65,2.218295,1285300
9/22/2017,2.64,2.67,2.64,2.65,2.218295,431200
9/25/2017,2.67,2.68,2.64,2.65,2.218295,629900
9/26/2017,2.65,2.67,2.64,2.66,2.226666,536300
9/27/2017,2.66,2.66,2.64,2.65,2.218295,390000
9/28/2017,2.65,2.65,2.64,2.65,2.218295,467800
9/29/2017,2.65,2.7,2.65,2.7,2.260149,694900
10/2/2017,2.71,2.73,2.7,2.72,2.276892,523000
10/3/2017,2.72,2.73,2.71,2.71,2.26852,414800
10/4/2017,2.71,2.72,2.68,2.7,2.260149,524100
10/5/2017,2.7,2.71,2.69,2.71,2.26852,136700
10/6/2017,2.71,2.71,2.68,2.68,2.243408,349300
10/9/2017,2.69,2.7,2.69,2.7,2.260149,266500
10/10/2017,2.7,2.72,2.69,2.72,2.276892,208400
10/11/2017,2.71,2.73,2.7,2.7,2.260149,638200
10/12/2017,2.71,2.72,2.71,2.72,2.276892,440600
10/13/2017,2.71,2.75,2.71,2.74,2.293634,738700
10/16/2017,2.75,2.75,2.73,2.74,2.293634,247100
10/17/2017,2.76,2.76,2.74,2.76,2.310375,344500
10/19/2017,2.76,2.8,2.76,2.8,2.343859,489300
10/20/2017,2.8,2.82,2.77,2.79,2.335488,369400
10/23/2017,2.79,2.84,2.79,2.83,2.368972,527200
10/24/2017,2.83,2.84,2.77,2.78,2.327117,927100
10/25/2017,2.79,2.85,2.79,2.83,2.368972,1205500
10/26/2017,2.83,2.84,2.82,2.84,2.377343,1197500
10/27/2017,2.83,2.83,2.81,2.83,2.368972,485200
10/30/2017,2.83,2.85,2.79,2.81,2.35223,903000
10/31/2017,2.81,2.86,2.8,2.85,2.385713,668900
11/1/2017,2.86,2.88,2.82,2.88,2.410827,607900
11/2/2017,2.89,2.9,2.86,2.9,2.427569,503600
11/3/2017,2.9,2.9,2.86,2.9,2.427569,429900
11/6/2017,2.9,2.9,2.86,2.88,2.410827,2623500
11/7/2017,2.89,2.91,2.86,2.88,2.410827,786600
11/8/2017,2.88,2.89,2.86,2.89,2.419197,329600
11/9/2017,2.9,2.91,2.85,2.86,2.394084,724900
11/10/2017,2.86,2.93,2.86,2.89,2.419197,1054200
11/13/2017,2.89,2.92,2.89,2.91,2.435939,411300
11/14/2017,2.91,2.92,2.88,2.9,2.427569,432400
11/15/2017,2.86,2.87,2.78,2.8,2.371416,679000
11/16/2017,2.8,2.82,2.77,2.8,2.371416,457500
11/17/2017,2.81,2.84,2.8,2.83,2.396825,432900
11/20/2017,2.83,2.88,2.81,2.84,2.405294,479100
11/21/2017,2.84,2.86,2.78,2.79,2.362947,1562500
11/22/2017,2.79,2.82,2.78,2.81,2.379885,772400
11/23/2017,2.82,2.84,2.81,2.83,2.396825,365200
11/24/2017,2.84,2.85,2.82,2.84,2.405294,255100
11/27/2017,2.85,2.87,2.81,2.86,2.422232,585500
11/28/2017,2.86,2.86,2.83,2.84,2.405294,596200
11/29/2017,2.88,2.88,2.84,2.86,2.422232,900500
11/30/2017,2.85,2.9,2.84,2.9,2.45611,810600
12/1/2017,2.9,2.95,2.88,2.91,2.464579,691100
12/4/2017,2.9,2.9,2.87,2.89,2.447641,571900
12/5/2017,2.89,2.89,2.86,2.88,2.439172,312300
12/6/2017,2.87,2.87,2.82,2.83,2.396825,998700
12/7/2017,2.83,2.87,2.83,2.85,2.413763,370500
12/8/2017,2.87,2.88,2.86,2.87,2.430702,236100
12/11/2017,2.86,2.89,2.86,2.89,2.447641,399000
12/12/2017,2.88,2.89,2.86,2.88,2.439172,398800
12/13/2017,2.89,2.9,2.85,2.85,2.413763,728700
12/14/2017,2.84,2.9,2.83,2.89,2.447641,321300
12/15/2017,2.89,2.94,2.89,2.92,2.473049,685700
12/18/2017,2.93,2.95,2.9,2.91,2.464579,647900
12/19/2017,2.92,2.95,2.92,2.95,2.498457,343100
12/20/2017,2.95,2.95,2.89,2.9,2.45611,543000
12/21/2017,2.89,2.91,2.89,2.89,2.447641,237200
12/22/2017,2.89,2.91,2.89,2.9,2.45611,758000
12/26/2017,2.91,2.95,2.91,2.95,2.498457,156900
12/27/2017,2.93,2.99,2.93,2.99,2.532334,244900
12/28/2017,2.98,3.02,2.97,2.99,2.532334,340900
12/29/2017,2.99,3.03,2.97,2.99,2.532334,324500
1/2/2018,2.99,3.02,2.97,2.98,2.523865,477900
1/3/2018,2.99,2.99,2.96,2.98,2.523865,569600
1/4/2018,2.98,3,2.96,2.98,2.523865,286500
1/5/2018,2.99,2.99,2.97,2.98,2.523865,377000
1/8/2018,2.98,3,2.98,2.98,2.523865,422300
1/9/2018,2.97,2.98,2.95,2.96,2.506926,404400
1/10/2018,2.96,2.98,2.95,2.95,2.498457,640100
1/11/2018,2.95,2.96,2.94,2.95,2.498457,457700
1/12/2018,2.94,3,2.94,2.99,2.532334,708000
1/15/2018,3,3,2.93,2.93,2.481518,701100
1/16/2018,2.93,2.96,2.93,2.94,2.489988,390900
1/17/2018,2.94,2.95,2.92,2.93,2.481518,426500
1/18/2018,2.94,2.99,2.93,2.97,2.515395,795200
1/19/2018,2.97,3.01,2.97,3,2.540804,395200
1/22/2018,3.01,3.02,2.99,2.99,2.532334,288700
1/23/2018,3,3,2.97,3,2.540804,336100
1/24/2018,3,3.01,2.98,3,2.540804,497800
1/25/2018,3,3.01,2.94,2.97,2.515395,1065300
1/26/2018,2.98,3,2.97,2.97,2.515395,379900
1/29/2018,2.97,3,2.96,2.97,2.515395,908500
1/30/2018,2.97,3.02,2.97,3,2.540804,534200
1/31/2018,3,3.06,3,3.02,2.557742,711200
2/1/2018,3,3.03,2.99,3.03,2.595258,282300
2/2/2018,2.99,3,2.86,2.87,2.458214,2408600
2/5/2018,2.85,2.85,2.77,2.79,2.389693,2276600
2/6/2018,2.76,2.79,2.72,2.77,2.372562,1365100
2/7/2018,2.79,2.84,2.78,2.79,2.389693,1895100
2/8/2018,2.82,2.83,2.81,2.81,2.406823,766800
2/9/2018,2.8,2.8,2.74,2.74,2.346867,1343300
2/12/2018,2.76,2.8,2.75,2.79,2.389693,595900
2/13/2018,2.79,2.83,2.79,2.8,2.398258,528800
2/14/2018,2.8,2.85,2.8,2.85,2.441084,394100
2/15/2018,2.85,2.85,2.83,2.83,2.423954,701000
2/19/2018,2.83,2.91,2.81,2.88,2.46678,701800
2/20/2018,2.9,2.9,2.82,2.84,2.432519,653900
2/21/2018,2.83,2.85,2.78,2.79,2.389693,1087600
2/22/2018,2.79,2.79,2.75,2.75,2.355432,825200
2/23/2018,2.77,2.79,2.77,2.78,2.381127,346200
2/26/2018,2.79,2.82,2.78,2.79,2.389693,428200
2/27/2018,2.8,2.83,2.78,2.81,2.406823,580700
2/28/2018,2.8,2.82,2.76,2.82,2.415388,820800
3/1/2018,2.82,2.82,2.78,2.79,2.389693,314500
3/2/2018,2.8,2.82,2.79,2.81,2.406823,462400
3/5/2018,2.81,2.82,2.78,2.81,2.406823,581500
3/6/2018,2.82,2.82,2.77,2.78,2.381127,659000
3/7/2018,2.78,2.81,2.77,2.78,2.381127,481400
3/8/2018,2.79,2.84,2.78,2.84,2.432519,623600
3/9/2018,2.87,2.87,2.85,2.86,2.449649,145400
3/12/2018,2.85,2.86,2.84,2.86,2.449649,427500
3/13/2018,2.86,2.86,2.83,2.86,2.449649,140600
3/14/2018,2.81,2.84,2.8,2.82,2.415388,628700
3/15/2018,2.82,2.84,2.8,2.84,2.432519,249300
3/16/2018,2.84,2.84,2.82,2.84,2.432519,823800
3/19/2018,2.81,2.82,2.79,2.8,2.398258,761900
3/20/2018,2.79,2.83,2.79,2.81,2.406823,1120300
3/21/2018,2.81,2.83,2.8,2.82,2.415388,849700
3/22/2018,2.82,2.82,2.8,2.81,2.406823,307200
3/23/2018,2.8,2.81,2.79,2.8,2.398258,708600
3/26/2018,2.78,2.81,2.78,2.79,2.389693,348800
3/27/2018,2.81,2.81,2.79,2.8,2.398258,1719900
3/28/2018,2.8,2.82,2.79,2.79,2.389693,564000
3/29/2018,2.79,2.8,2.77,2.8,2.398258,689200
4/2/2018,2.8,2.81,2.79,2.79,2.389693,158800
4/3/2018,2.8,2.8,2.79,2.8,2.398258,233400
4/4/2018,2.81,2.81,2.78,2.78,2.381127,434700
4/5/2018,2.8,2.81,2.77,2.81,2.406823,809500
4/6/2018,2.79,2.81,2.79,2.8,2.398258,531800
4/9/2018,2.8,2.81,2.79,2.8,2.398258,307300
4/10/2018,2.8,2.81,2.79,2.79,2.389693,413600
4/11/2018,2.8,2.8,2.77,2.78,2.381127,684200
4/12/2018,2.77,2.78,2.77,2.78,2.381127,244500
4/13/2018,2.78,2.79,2.77,2.77,2.372562,373800
4/16/2018,2.78,2.79,2.77,2.79,2.389693,208300
4/17/2018,2.78,2.8,2.77,2.77,2.372562,595000
4/18/2018,2.77,2.78,2.76,2.78,2.381127,843600
4/19/2018,2.78,2.79,2.77,2.79,2.389693,452800
4/20/2018,2.79,2.79,2.77,2.78,2.381127,226700
4/23/2018,2.78,2.79,2.77,2.79,2.389693,143800
4/24/2018,2.78,2.79,2.77,2.77,2.372562,208800
4/25/2018,2.77,2.77,2.75,2.77,2.372562,386200
4/26/2018,2.78,2.8,2.77,2.78,2.381127,474400
4/27/2018,2.78,2.8,2.78,2.79,2.389693,212900
4/30/2018,2.79,2.8,2.78,2.79,2.389693,491300
5/2/2018,2.78,2.81,2.78,2.8,2.398258,1213900
5/3/2018,2.79,2.81,2.78,2.78,2.381127,543000
5/4/2018,2.78,2.8,2.78,2.78,2.381127,379400
5/7/2018,2.76,2.76,2.75,2.76,2.391264,676700
5/8/2018,2.76,2.77,2.75,2.76,2.391264,732700
5/9/2018,2.76,2.76,2.74,2.74,2.373937,677700
5/10/2018,2.75,2.76,2.74,2.75,2.382601,763300
5/11/2018,2.75,2.76,2.74,2.75,2.382601,412400
5/14/2018,2.75,2.76,2.74,2.75,2.382601,193900
5/15/2018,2.75,2.77,2.75,2.77,2.399928,432800
5/16/2018,2.77,2.77,2.73,2.73,2.365273,615000
5/17/2018,2.74,2.74,2.71,2.71,2.347944,709400
5/18/2018,2.72,2.73,2.7,2.72,2.356608,833100
5/21/2018,2.72,2.72,2.7,2.71,2.347944,523300
5/22/2018,2.7,2.71,2.68,2.68,2.321953,750600
5/23/2018,2.68,2.72,2.68,2.72,2.356608,591800
5/24/2018,2.71,2.72,2.69,2.71,2.347944,332200
5/25/2018,2.71,2.72,2.69,2.69,2.330617,358200
5/28/2018,2.69,2.72,2.69,2.72,2.356608,210200
5/30/2018,2.72,2.72,2.71,2.72,2.356608,1081100
5/31/2018,2.71,2.73,2.71,2.73,2.365273,1443000
6/1/2018,2.71,2.72,2.68,2.7,2.33928,744800
6/4/2018,2.68,2.72,2.68,2.72,2.356608,589500
6/5/2018,2.72,2.72,2.71,2.72,2.356608,211200
6/6/2018,2.72,2.73,2.71,2.72,2.356608,405700
6/7/2018,2.72,2.72,2.7,2.71,2.347944,182000
6/8/2018,2.72,2.72,2.7,2.7,2.33928,487200
6/11/2018,2.7,2.71,2.69,2.69,2.330617,680600
6/12/2018,2.7,2.71,2.62,2.65,2.29596,2134500
6/13/2018,2.65,2.66,2.6,2.62,2.269968,1567800
6/14/2018,2.63,2.67,2.62,2.63,2.278633,1803000
6/18/2018,2.64,2.65,2.58,2.61,2.261304,1661000
6/19/2018,2.6,2.61,2.58,2.58,2.235313,1339100
6/20/2018,2.58,2.61,2.58,2.6,2.25264,949600
6/21/2018,2.6,2.63,2.59,2.59,2.243977,767700
6/22/2018,2.59,2.61,2.58,2.6,2.25264,450100
6/25/2018,2.61,2.61,2.58,2.58,2.235313,859500
6/26/2018,2.59,2.63,2.58,2.62,2.269968,713300
6/27/2018,2.62,2.67,2.62,2.64,2.287297,491900
6/28/2018,2.65,2.72,2.65,2.7,2.33928,1051400
6/29/2018,2.71,2.73,2.71,2.72,2.356608,1467100
7/2/2018,2.71,2.71,2.69,2.7,2.33928,472500
7/3/2018,2.71,2.72,2.69,2.72,2.356608,641800
7/4/2018,2.71,2.72,2.69,2.7,2.33928,833100
7/5/2018,2.69,2.71,2.69,2.7,2.33928,403000
7/6/2018,2.7,2.73,2.7,2.73,2.365273,761400
7/9/2018,2.73,2.73,2.72,2.73,2.365273,182100
7/10/2018,2.73,2.73,2.71,2.73,2.365273,487900
7/11/2018,2.73,2.73,2.7,2.7,2.33928,480800
7/12/2018,2.71,2.81,2.71,2.78,2.408592,2534000
7/13/2018,2.77,2.77,2.74,2.74,2.373937,369200
7/16/2018,2.76,2.76,2.74,2.74,2.373937,299900
7/17/2018,2.76,2.77,2.75,2.77,2.399928,189900
7/18/2018,2.77,2.77,2.76,2.76,2.391264,90600
7/19/2018,2.77,2.8,2.75,2.78,2.408592,503300
7/20/2018,2.77,2.81,2.75,2.77,2.399928,541600
7/23/2018,2.77,2.8,2.76,2.79,2.417257,325000
7/24/2018,2.8,2.8,2.74,2.77,2.399928,943300
7/25/2018,2.77,2.78,2.75,2.78,2.408592,320800
7/26/2018,2.78,2.78,2.75,2.75,2.382601,896900
7/27/2018,2.77,2.78,2.74,2.77,2.399928,1477500
7/30/2018,2.77,2.77,2.76,2.77,2.399928,852200
7/31/2018,2.77,2.77,2.76,2.76,2.391264,1285500
8/1/2018,2.75,2.77,2.75,2.77,2.427991,622000
8/2/2018,2.76,2.77,2.74,2.76,2.419225,368400
8/3/2018,2.76,2.77,2.75,2.75,2.41046,489200
8/6/2018,2.76,2.76,2.71,2.72,2.384165,404000
8/7/2018,2.71,2.76,2.71,2.75,2.41046,281000
8/8/2018,2.75,2.76,2.72,2.72,2.384165,185600
8/10/2018,2.72,2.73,2.7,2.71,2.375399,248800
8/13/2018,2.71,2.72,2.64,2.67,2.340338,809000
8/14/2018,2.68,2.69,2.66,2.68,2.349103,1048400
8/15/2018,2.67,2.69,2.67,2.69,2.357869,364600
8/16/2018,2.68,2.72,2.67,2.69,2.357869,285500
8/17/2018,2.71,2.73,2.7,2.72,2.384165,202600
8/20/2018,2.72,2.75,2.68,2.69,2.357869,844200
8/21/2018,2.69,2.71,2.68,2.7,2.366634,381700
8/23/2018,2.72,2.72,2.7,2.71,2.375399,120400
8/24/2018,2.72,2.72,2.68,2.69,2.357869,687000
8/27/2018,2.7,2.71,2.68,2.69,2.357869,278700
8/28/2018,2.7,2.7,2.67,2.68,2.349103,980100
8/29/2018,2.69,2.69,2.67,2.68,2.349103,698300
8/30/2018,2.67,2.68,2.66,2.67,2.340338,590700
8/31/2018,2.67,2.69,2.67,2.68,2.349103,565700
9/3/2018,2.69,2.7,2.68,2.68,2.349103,196500
9/4/2018,2.68,2.72,2.68,2.7,2.366634,312900
9/5/2018,2.7,2.71,2.69,2.7,2.366634,1129200
9/6/2018,2.7,2.73,2.7,2.73,2.39293,258700
9/7/2018,2.73,2.73,2.71,2.73,2.39293,346700
9/10/2018,2.72,2.73,2.71,2.72,2.384165,629300
9/11/2018,2.71,2.73,2.71,2.71,2.375399,2310181
9/12/2018,2.73,2.76,2.71,2.73,2.39293,451500
9/13/2018,2.73,2.74,2.72,2.73,2.39293,108600
9/14/2018,2.75,2.76,2.72,2.74,2.401696,408500
9/17/2018,2.74,2.74,2.72,2.72,2.384165,172700
9/18/2018,2.73,2.73,2.7,2.72,2.384165,1263800
9/19/2018,2.71,2.74,2.7,2.7,2.366634,457800
9/20/2018,2.7,2.71,2.69,2.69,2.357869,238800
9/21/2018,2.7,2.71,2.68,2.68,2.349103,585500
9/24/2018,2.68,2.71,2.68,2.7,2.366634,277100
9/25/2018,2.7,2.72,2.69,2.72,2.384165,386900
9/26/2018,2.71,2.73,2.69,2.69,2.357869,421900
9/27/2018,2.69,2.7,2.68,2.68,2.349103,395400
9/28/2018,2.69,2.72,2.68,2.7,2.366634,580600
10/1/2018,2.7,2.72,2.7,2.7,2.366634,274100
10/2/2018,2.7,2.71,2.69,2.69,2.357869,208600
10/3/2018,2.7,2.7,2.68,2.69,2.357869,390600
10/4/2018,2.69,2.7,2.68,2.68,2.349103,308300
10/5/2018,2.69,2.69,2.67,2.68,2.349103,968100
10/8/2018,2.68,2.68,2.64,2.65,2.322807,845900
10/9/2018,2.65,2.66,2.63,2.65,2.322807,434800
10/10/2018,2.64,2.66,2.63,2.64,2.314042,228600
10/11/2018,2.63,2.63,2.56,2.59,2.270216,1182200
10/12/2018,2.6,2.61,2.58,2.59,2.270216,662000
10/15/2018,2.6,2.61,2.59,2.59,2.270216,187500
10/16/2018,2.59,2.62,2.59,2.62,2.296511,168600
10/17/2018,2.61,2.62,2.6,2.62,2.296511,212900
10/18/2018,2.6,2.61,2.59,2.6,2.278981,444000
10/19/2018,2.61,2.61,2.59,2.59,2.270216,889100
10/22/2018,2.6,2.64,2.59,2.62,2.296511,362500
10/23/2018,2.63,2.65,2.61,2.63,2.305277,230200
10/24/2018,2.63,2.67,2.62,2.67,2.340338,341300
10/25/2018,2.66,2.66,2.63,2.63,2.305277,479900
10/26/2018,2.63,2.65,2.61,2.63,2.305277,654100
10/29/2018,2.64,2.64,2.62,2.63,2.305277,243000
10/30/2018,2.63,2.65,2.59,2.64,2.314042,1627700
10/31/2018,2.62,2.62,2.6,2.6,2.307209,481300
11/1/2018,2.61,2.63,2.58,2.61,2.316083,303400
11/2/2018,2.59,2.64,2.58,2.64,2.342705,495300
11/5/2018,2.64,2.64,2.61,2.62,2.324957,470200
11/7/2018,2.6,2.62,2.6,2.61,2.316083,337100
11/8/2018,2.63,2.64,2.61,2.64,2.342705,144200
11/9/2018,2.62,2.63,2.6,2.61,2.316083,401700
11/12/2018,2.63,2.65,2.62,2.64,2.342705,176800
11/13/2018,2.61,2.62,2.59,2.59,2.298335,840300
11/14/2018,2.59,2.61,2.59,2.6,2.307209,164200
11/15/2018,2.59,2.63,2.59,2.6,2.307209,353100
11/16/2018,2.61,2.62,2.59,2.59,2.298335,402500
11/19/2018,2.6,2.61,2.59,2.59,2.298335,251800
11/20/2018,2.59,2.6,2.57,2.58,2.289461,507900
11/21/2018,2.58,2.58,2.56,2.57,2.280587,596200
11/22/2018,2.56,2.59,2.56,2.57,2.280587,674300
11/23/2018,2.57,2.6,2.56,2.59,2.298335,185100
11/26/2018,2.59,2.61,2.58,2.59,2.298335,327100
11/27/2018,2.59,2.61,2.59,2.6,2.307209,336500
11/28/2018,2.62,2.63,2.61,2.62,2.324957,119900
11/29/2018,2.63,2.69,2.63,2.69,2.387074,558000
11/30/2018,2.67,2.72,2.67,2.72,2.413696,771400
12/3/2018,2.72,2.73,2.69,2.7,2.395948,483400
12/4/2018,2.7,2.73,2.69,2.73,2.42257,442000
12/5/2018,2.74,2.74,2.7,2.74,2.431443,290500
12/6/2018,2.74,2.79,2.72,2.79,2.475813,868500
12/7/2018,2.79,2.79,2.73,2.75,2.440317,765600
12/10/2018,2.72,2.75,2.72,2.74,2.431443,167500
12/11/2018,2.72,2.75,2.72,2.75,2.440317,208500
12/12/2018,2.75,2.75,2.7,2.73,2.42257,234100
12/13/2018,2.71,2.73,2.7,2.71,2.404822,449700
12/14/2018,2.74,2.74,2.72,2.72,2.413696,400500
12/17/2018,2.73,2.77,2.71,2.75,2.440317,830400
12/18/2018,2.74,2.77,2.74,2.77,2.458065,477200
12/19/2018,2.76,2.77,2.7,2.71,2.404822,674000
12/20/2018,2.7,2.71,2.59,2.61,2.316083,1544500
12/21/2018,2.62,2.64,2.61,2.61,2.316083,1617800
12/24/2018,2.62,2.63,2.6,2.62,2.324957,218400
12/26/2018,2.61,2.63,2.61,2.62,2.324957,271200
12/27/2018,2.62,2.64,2.62,2.62,2.324957,161300
12/28/2018,2.63,2.66,2.62,2.66,2.360453,1482100
12/31/2018,2.64,2.65,2.63,2.63,2.333831,76600
1/1/2019,2.63,2.63,2.63,2.63,2.333831,0
1/2/2019,2.63,2.64,2.62,2.62,2.324957,510600
1/3/2019,2.62,2.64,2.61,2.62,2.324957,526500
1/4/2019,2.61,2.63,2.61,2.63,2.333831,842600
1/7/2019,2.62,2.69,2.61,2.65,2.351578,956900
1/8/2019,2.66,2.7,2.65,2.7,2.395948,440600
1/9/2019,2.68,2.7,2.66,2.68,2.378201,603700
1/10/2019,2.68,2.71,2.67,2.71,2.404822,242900
1/11/2019,2.7,2.73,2.67,2.68,2.378201,793900
1/14/2019,2.69,2.71,2.69,2.71,2.404822,294600
1/15/2019,2.71,2.71,2.69,2.69,2.387074,273400
1/16/2019,2.7,2.71,2.69,2.7,2.395948,632800
1/17/2019,2.69,2.7,2.68,2.69,2.387074,648800
1/18/2019,2.69,2.74,2.69,2.71,2.404822,637200
1/21/2019,2.7,2.71,2.7,2.7,2.395948,581600
1/22/2019,2.71,2.72,2.7,2.72,2.413696,201400
1/23/2019,2.7,2.73,2.7,2.73,2.42257,1066900
1/24/2019,2.73,2.75,2.71,2.75,2.440317,2102700
1/25/2019,2.74,2.78,2.73,2.74,2.431443,1669600
1/28/2019,2.74,2.81,2.74,2.79,2.475813,964400
1/29/2019,2.78,2.8,2.77,2.8,2.484687,400000
1/30/2019,2.8,2.83,2.77,2.83,2.511308,1026100
1/31/2019,2.85,2.87,2.84,2.87,2.546804,1421800
2/1/2019,2.85,2.86,2.82,2.85,2.529056,727700
2/4/2019,2.82,2.84,2.78,2.79,2.504639,477300
2/5/2019,2.79,2.79,2.79,2.79,2.504639,0
2/7/2019,2.84,2.84,2.78,2.8,2.513615,701000
2/8/2019,2.77,2.84,2.77,2.84,2.549524,900100
2/11/2019,2.85,2.85,2.8,2.81,2.522592,605400
2/12/2019,2.81,2.82,2.8,2.81,2.522592,544800
2/13/2019,2.8,2.83,2.79,2.8,2.513615,671800
2/14/2019,2.8,2.8,2.78,2.79,2.504639,351900
2/15/2019,2.77,2.8,2.76,2.8,2.513615,799000
2/18/2019,2.8,2.82,2.77,2.8,2.513615,717500
2/19/2019,2.79,2.8,2.79,2.79,2.504639,341100
2/20/2019,2.81,2.82,2.79,2.79,2.504639,717900
2/21/2019,2.79,2.83,2.78,2.82,2.53157,741500
2/22/2019,2.83,2.84,2.8,2.84,2.549524,523100
2/25/2019,2.84,2.88,2.83,2.85,2.558501,1068500
2/26/2019,2.84,2.85,2.81,2.83,2.540547,312100
2/27/2019,2.83,2.85,2.81,2.83,2.540547,405200
2/28/2019,2.85,2.87,2.83,2.87,2.576456,397900
3/1/2019,2.88,2.88,2.83,2.84,2.549524,504100
3/4/2019,2.83,2.87,2.83,2.86,2.567478,296700
3/5/2019,2.86,2.89,2.86,2.87,2.576456,631400
3/6/2019,2.88,2.89,2.86,2.88,2.585433,332700
3/7/2019,2.88,2.88,2.87,2.87,2.576456,491400
3/8/2019,2.88,2.88,2.83,2.87,2.576456,345900
3/11/2019,2.86,2.87,2.83,2.84,2.549524,600400
3/12/2019,2.86,2.88,2.86,2.87,2.576456,278300
3/13/2019,2.88,2.88,2.86,2.87,2.576456,239800
3/14/2019,2.87,2.88,2.85,2.88,2.585433,485200
3/15/2019,2.88,2.88,2.85,2.88,2.585433,414600
3/18/2019,2.88,2.88,2.86,2.88,2.585433,313500
3/19/2019,2.87,2.9,2.86,2.9,2.603388,500400
3/20/2019,2.89,2.89,2.88,2.89,2.594411,187100
3/21/2019,2.88,2.89,2.88,2.89,2.594411,86200
3/22/2019,2.88,2.92,2.88,2.91,2.612365,626200
3/25/2019,2.91,2.92,2.89,2.91,2.612365,312700
3/26/2019,2.93,2.93,2.9,2.92,2.621342,353600
3/27/2019,2.93,2.93,2.91,2.92,2.621342,336500
3/28/2019,2.93,2.93,2.89,2.91,2.612365,1544400
3/29/2019,2.91,2.94,2.9,2.92,2.621342,521500
4/1/2019,2.92,2.93,2.91,2.92,2.621342,121000
4/2/2019,2.91,2.93,2.91,2.92,2.621342,252000
4/3/2019,2.93,2.94,2.92,2.93,2.630319,200200
4/4/2019,2.93,2.93,2.9,2.91,2.612365,563600
4/5/2019,2.91,2.93,2.91,2.92,2.621342,424400
4/8/2019,2.92,2.93,2.91,2.91,2.612365,340300
4/9/2019,2.9,2.92,2.89,2.91,2.612365,767500
4/10/2019,2.91,2.92,2.9,2.91,2.612365,343100
4/11/2019,2.91,2.92,2.9,2.91,2.612365,202800
4/12/2019,2.9,2.92,2.9,2.9,2.603388,381100
4/15/2019,2.91,2.92,2.9,2.92,2.621342,364200
4/16/2019,2.92,2.92,2.9,2.91,2.612365,481700
4/17/2019,2.91,2.91,2.89,2.9,2.603388,798900
4/18/2019,2.9,2.91,2.89,2.9,2.603388,1527300
4/22/2019,2.9,2.92,2.89,2.91,2.612365,313000
4/23/2019,2.9,2.91,2.88,2.91,2.612365,314300
4/24/2019,2.91,2.92,2.9,2.91,2.612365,481900
4/25/2019,2.9,2.92,2.9,2.9,2.603388,263100
4/26/2019,2.9,2.91,2.89,2.9,2.603388,748300
4/29/2019,2.9,2.91,2.89,2.9,2.603388,579300
4/30/2019,2.91,2.91,2.88,2.89,2.594411,278800
5/2/2019,2.89,2.9,2.88,2.89,2.594411,423100
5/3/2019,2.89,2.9,2.88,2.88,2.585433,221100
5/6/2019,2.88,2.88,2.85,2.88,2.615218,308800
5/7/2019,2.87,2.88,2.86,2.88,2.615218,254600
5/8/2019,2.87,2.88,2.86,2.87,2.606137,488400
5/9/2019,2.85,2.86,2.85,2.85,2.587976,352100
5/10/2019,2.85,2.87,2.85,2.87,2.606137,155200
5/13/2019,2.87,2.87,2.86,2.87,2.606137,238300
5/14/2019,2.86,2.87,2.83,2.86,2.597056,599300
5/15/2019,2.87,2.87,2.85,2.86,2.597056,261300
5/16/2019,2.86,2.87,2.85,2.87,2.606137,150500
5/17/2019,2.86,2.87,2.86,2.87,2.606137,475700
5/21/2019,2.86,2.88,2.86,2.87,2.606137,360500
5/22/2019,2.87,2.9,2.86,2.9,2.633379,2330800
5/23/2019,2.9,2.92,2.89,2.92,2.65154,864800
5/24/2019,2.91,2.92,2.89,2.91,2.642459,756000
5/27/2019,2.91,2.91,2.9,2.91,2.642459,236500
5/28/2019,2.91,2.94,2.9,2.93,2.660621,1436300
5/29/2019,2.93,3.04,2.93,2.98,2.706024,611100
5/30/2019,2.98,3,2.97,3,2.724185,365200
5/31/2019,3,3,2.99,2.99,2.715104,619500
6/3/2019,2.98,2.99,2.95,2.97,2.696943,311800
6/4/2019,2.99,3,2.94,3,2.724185,1130700
6/6/2019,3,3.15,3,3.14,2.851314,2780800
6/7/2019,3.14,3.14,3.07,3.11,2.824072,833500
6/10/2019,3.1,3.11,3.07,3.09,2.80591,342600
6/11/2019,3.09,3.1,3.08,3.08,2.79683,224600
6/12/2019,3.07,3.1,3.03,3.07,2.787749,338200
6/13/2019,3.06,3.1,3.05,3.07,2.787749,655300
6/14/2019,3.06,3.06,3.03,3.05,2.769588,2054300
6/17/2019,3.05,3.05,3.03,3.05,2.769588,442400
6/18/2019,3.05,3.06,3.04,3.05,2.769588,579800
6/19/2019,3.06,3.15,3.06,3.09,2.80591,1120300
6/20/2019,3.09,3.1,3.05,3.1,2.814991,553900
6/21/2019,3.1,3.11,3.04,3.06,2.778668,983600
6/24/2019,3.06,3.09,3.05,3.08,2.79683,302000
6/25/2019,3.08,3.1,3.05,3.07,2.787749,609800
6/26/2019,3.07,3.08,3.05,3.08,2.79683,247400
6/27/2019,3.08,3.09,3.05,3.06,2.778668,381100
6/28/2019,3.07,3.07,3,3.03,2.751427,766500
7/1/2019,3.04,3.06,3.03,3.05,2.769588,244900
7/2/2019,3.04,3.05,3.02,3.03,2.751427,262300
7/3/2019,3.04,3.06,3.02,3.05,2.769588,468900
7/4/2019,3.05,3.1,3.05,3.06,2.778668,583300
7/5/2019,3.06,3.07,3.04,3.05,2.769588,366700
7/8/2019,3.05,3.05,3.03,3.04,2.760507,244400
7/9/2019,3.05,3.05,3.02,3.05,2.769588,391800
7/10/2019,3.03,3.05,3,3.01,2.733265,1099700
7/11/2019,3,3.06,3,3.06,2.778668,373900
7/12/2019,3.05,3.05,3.01,3.04,2.760507,171400
7/15/2019,3.04,3.07,3.02,3.05,2.769588,503700
7/16/2019,3.05,3.08,3.05,3.08,2.79683,303900
7/17/2019,3.05,3.08,3.05,3.08,2.79683,198500
7/18/2019,3.06,3.07,3.03,3.04,2.760507,180700
7/19/2019,3.05,3.08,3.03,3.07,2.787749,252500
7/22/2019,3.06,3.06,3.03,3.05,2.769588,136500
7/23/2019,3.06,3.06,2.97,2.99,2.715104,1780400
7/24/2019,3,3.03,3,3.02,2.742346,560300
7/25/2019,3.01,3.06,3.01,3.04,2.760507,421300
7/26/2019,3.05,3.06,3.04,3.04,2.760507,169400
7/29/2019,3.06,3.06,3.03,3.06,2.778668,187300
7/30/2019,3.06,3.06,3.04,3.06,2.778668,114400
7/31/2019,3.05,3.07,3.04,3.06,2.778668,422000
8/1/2019,3.06,3.08,3.05,3.08,2.79683,859100
8/2/2019,3.06,3.08,3.03,3.08,2.79683,516600
8/5/2019,3.08,3.08,3.05,3.05,2.769588,258300
8/6/2019,3.06,3.06,2.97,3,2.724185,1235100
8/7/2019,2.94,2.96,2.94,2.95,2.708303,581500
8/8/2019,2.95,2.99,2.95,2.99,2.745025,398500
8/13/2019,2.98,2.98,2.94,2.95,2.708303,540800
8/14/2019,2.96,2.99,2.95,2.98,2.735845,782800
8/15/2019,2.96,3.01,2.96,3,2.754206,418600
8/16/2019,3,3.02,3,3.01,2.763386,196100
8/19/2019,3.01,3.08,3.01,3.04,2.790928,412800
8/20/2019,3.08,3.08,3.03,3.07,2.81847,393200
8/21/2019,3.06,3.09,3.06,3.06,2.80929,367900
8/22/2019,3.06,3.09,3.06,3.06,2.80929,365700
8/23/2019,3.08,3.08,3.03,3.03,2.781748,395100
8/26/2019,3.02,3.07,3.01,3.05,2.800109,358100
8/27/2019,3.05,3.08,3.04,3.06,2.80929,354200
8/28/2019,3.06,3.09,3.05,3.07,2.81847,141100
8/29/2019,3.09,3.09,3.06,3.08,2.827651,186000
8/30/2019,3.09,3.1,3.08,3.09,2.836832,515400
9/2/2019,3.04,3.12,3.04,3.1,2.846013,694200
9/3/2019,3.1,3.11,3.07,3.07,2.81847,167200
9/4/2019,3.07,3.1,3.07,3.08,2.827651,416700
9/5/2019,3.09,3.1,3.08,3.1,2.846013,139700
9/6/2019,3.1,3.1,3.06,3.07,2.81847,220700
9/9/2019,3.1,3.1,3.05,3.05,2.800109,252500
9/10/2019,3.07,3.07,3.04,3.06,2.80929,278800
9/11/2019,3.07,3.08,3.04,3.06,2.80929,181400
9/12/2019,3.06,3.06,3.04,3.06,2.80929,905200
9/13/2019,3.06,3.06,3.05,3.06,2.80929,234000
9/16/2019,3.06,3.06,3.04,3.04,2.790928,425600
9/17/2019,3.05,3.05,3.03,3.04,2.790928,186400
9/18/2019,3.06,3.06,3.02,3.02,2.772567,438700
9/19/2019,3.04,3.07,3.02,3.07,2.81847,369500
9/20/2019,3.06,3.07,3.06,3.06,2.80929,2055000
9/23/2019,3.07,3.08,3.04,3.05,2.800109,351700
9/24/2019,3.06,3.09,3.06,3.08,2.827651,293700
9/25/2019,3.07,3.09,3.06,3.09,2.836832,134700
9/26/2019,3.09,3.12,3.09,3.1,2.846013,687200
9/27/2019,3.1,3.13,3.09,3.13,2.873555,712600
9/30/2019,3.13,3.14,3.11,3.13,2.873555,834200
10/1/2019,3.13,3.13,3.09,3.11,2.855193,505800
10/2/2019,3.12,3.13,3.1,3.11,2.855193,713200
10/3/2019,3.09,3.13,3.08,3.11,2.855193,531400
10/4/2019,3.13,3.14,3.1,3.14,2.882735,346200
10/7/2019,3.14,3.18,3.14,3.17,2.910277,503700
10/8/2019,3.17,3.2,3.16,3.2,2.93782,648300
10/9/2019,3.2,3.21,3.17,3.21,2.947001,572100
10/10/2019,3.2,3.25,3.2,3.21,2.947001,463900
10/11/2019,3.22,3.23,3.18,3.18,2.919458,348900
10/14/2019,3.21,3.23,3.2,3.23,2.965361,212700
10/15/2019,3.23,3.24,3.22,3.23,2.965361,690900
10/16/2019,3.23,3.24,3.22,3.22,2.956181,281100
10/17/2019,3.22,3.27,3.21,3.23,2.965361,1287200
10/18/2019,3.24,3.28,3.24,3.27,3.002084,648700
10/21/2019,3.27,3.32,3.25,3.28,3.011265,354900
10/22/2019,3.3,3.32,3.22,3.25,2.983723,981200
10/23/2019,3.26,3.3,3.25,3.3,3.029626,237700
10/24/2019,3.28,3.3,3.25,3.25,2.983723,438500
10/25/2019,3.25,3.26,3.22,3.23,2.965361,450100
10/29/2019,3.23,3.27,3.23,3.27,3.002084,119700
10/30/2019,3.27,3.28,3.23,3.24,2.974542,310800
10/31/2019,3.24,3.28,3.23,3.27,3.002084,200100
11/1/2019,3.31,3.32,3.27,3.32,3.047987,691500
11/4/2019,3.32,3.32,3.3,3.32,3.047987,324900
11/5/2019,3.32,3.32,3.27,3.31,3.038807,744300
11/6/2019,3.31,3.32,3.28,3.28,3.011265,294200
11/7/2019,3.27,3.28,3.24,3.27,3.032595,272800
11/8/2019,3.27,3.3,3.22,3.26,3.023322,973500
11/11/2019,3.27,3.27,3.22,3.23,2.995499,762300
11/12/2019,3.23,3.23,3.16,3.16,2.930582,974300
11/13/2019,3.18,3.22,3.11,3.12,2.893485,763200
11/14/2019,3.14,3.24,3.12,3.24,3.004773,495000
11/15/2019,3.24,3.25,3.2,3.25,3.014047,270800
11/18/2019,3.23,3.24,3.2,3.24,3.004773,286700
11/19/2019,3.24,3.25,3.22,3.25,3.014047,195400
11/20/2019,3.23,3.25,3.22,3.23,2.995499,133200
11/21/2019,3.23,3.25,3.21,3.23,2.995499,491200
11/22/2019,3.24,3.25,3.22,3.23,2.995499,147200
11/25/2019,3.25,3.25,3.21,3.21,2.976951,231800
11/26/2019,3.22,3.24,3.21,3.24,3.004773,180200
11/27/2019,3.24,3.25,3.22,3.24,3.004773,133000
11/28/2019,3.24,3.24,3.23,3.24,3.004773,123300
11/29/2019,3.23,3.28,3.23,3.25,3.014047,385500
12/2/2019,3.25,3.26,3.25,3.26,3.023322,201300
12/3/2019,3.25,3.25,3.2,3.22,2.986225,629700
12/4/2019,3.22,3.26,3.22,3.26,3.023322,364300
12/5/2019,3.25,3.26,3.25,3.25,3.014047,121200
12/6/2019,3.26,3.26,3.23,3.23,2.995499,298400
12/9/2019,3.24,3.25,3.22,3.22,2.986225,325800
12/10/2019,3.24,3.25,3.23,3.23,2.995499,499300
12/11/2019,3.24,3.24,3.22,3.22,2.986225,217200
12/12/2019,3.23,3.23,3.2,3.23,2.995499,205800
12/13/2019,3.23,3.23,3.2,3.23,2.995499,643700
12/16/2019,3.23,3.23,3.22,3.22,2.986225,306900
12/17/2019,3.22,3.23,3.2,3.2,2.967677,694000
12/18/2019,3.2,3.23,3.19,3.23,2.995499,259200
12/19/2019,3.23,3.26,3.22,3.24,3.004773,308600
12/20/2019,3.25,3.4,3.25,3.32,3.078965,712000
12/23/2019,3.32,3.36,3.32,3.34,3.097513,299700
12/24/2019,3.34,3.37,3.32,3.32,3.078965,388200
12/25/2019,3.32,3.32,3.32,3.32,3.078965,0
12/26/2019,3.35,3.35,3.25,3.29,3.051143,356500
12/27/2019,3.3,3.33,3.29,3.33,3.088239,263600
12/30/2019,3.33,3.36,3.32,3.34,3.097513,82900
12/31/2019,3.34,3.36,3.32,3.32,3.078965,82700
1/2/2020,3.34,3.37,3.28,3.37,3.125335,453600
1/3/2020,3.37,3.37,3.33,3.33,3.088239,122300
1/6/2020,3.32,3.33,3.27,3.3,3.060417,326500
1/7/2020,3.31,3.37,3.3,3.37,3.125335,478000
1/8/2020,3.36,3.37,3.32,3.32,3.078965,761600
1/9/2020,3.36,3.36,3.32,3.35,3.106787,244600
1/10/2020,3.35,3.36,3.33,3.35,3.106787,136400
1/13/2020,3.35,3.37,3.35,3.37,3.125335,136800
1/14/2020,3.37,3.41,3.33,3.36,3.116061,989100
1/15/2020,3.37,3.39,3.35,3.39,3.143883,175200
1/16/2020,3.39,3.39,3.38,3.39,3.143883,95700
1/17/2020,3.39,3.4,3.38,3.38,3.134609,292600
1/20/2020,3.38,3.41,3.38,3.38,3.134609,241400
1/21/2020,3.39,3.4,3.38,3.4,3.153157,133800
1/22/2020,3.39,3.41,3.36,3.36,3.116061,519300
1/23/2020,3.37,3.5,3.37,3.48,3.227349,480200
1/24/2020,3.48,3.5,3.47,3.48,3.227349,133400
1/28/2020,3.48,3.6,3.46,3.6,3.338637,1178400
1/29/2020,3.61,3.66,3.58,3.63,3.366459,703500
1/30/2020,3.62,3.62,3.5,3.57,3.341561,1061900
1/31/2020,3.57,3.59,3.54,3.58,3.350921,349400
2/3/2020,3.58,3.58,3.53,3.55,3.32284,650100
2/4/2020,3.56,3.6,3.51,3.6,3.369641,447900
2/5/2020,3.6,3.6,3.58,3.6,3.369641,348400
2/6/2020,3.6,3.61,3.58,3.6,3.369641,469400
2/7/2020,3.59,3.6,3.54,3.54,3.313481,209600
2/10/2020,3.54,3.57,3.54,3.57,3.341561,358800
2/11/2020,3.57,3.59,3.54,3.59,3.360281,118000
2/12/2020,3.59,3.59,3.54,3.56,3.332201,507100
2/13/2020,3.6,3.6,3.59,3.6,3.369641,418900
2/14/2020,3.6,3.6,3.58,3.6,3.369641,232000
2/17/2020,3.6,3.62,3.58,3.62,3.388361,265800
2/18/2020,3.62,3.64,3.61,3.61,3.379001,262300
2/19/2020,3.63,3.8,3.61,3.74,3.500683,479600
2/20/2020,3.74,3.75,3.65,3.65,3.416442,707700
2/21/2020,3.65,3.69,3.65,3.67,3.435162,338600
2/24/2020,3.67,3.69,3.63,3.66,3.425802,444800
2/25/2020,3.64,3.66,3.61,3.62,3.388361,712100
2/26/2020,3.63,3.65,3.62,3.63,3.397722,495700
2/27/2020,3.6,3.6,3.55,3.59,3.360281,767400
2/28/2020,3.52,3.54,3.41,3.43,3.210519,1394100
3/2/2020,3.42,3.44,3.35,3.41,3.191799,934500
3/3/2020,3.43,3.5,3.42,3.45,3.22924,964700
3/4/2020,3.45,3.56,3.4,3.56,3.332201,1986500
3/5/2020,3.58,3.66,3.58,3.63,3.397722,989800
3/6/2020,3.63,3.63,3.54,3.6,3.369641,734500
3/9/2020,3.59,3.59,3.41,3.46,3.2386,864600
3/10/2020,3.4,3.55,3.3,3.51,3.2854,1697000
3/11/2020,3.51,3.53,3.38,3.5,3.27604,1170700
3/12/2020,3.48,3.48,3.36,3.39,3.173079,1331100
3/13/2020,3.34,3.34,3.02,3.2,2.995237,2948300
3/16/2020,3.1,3.12,2.98,2.98,2.789315,2216500
3/17/2020,2.83,2.9,2.76,2.85,2.667633,2948000
3/18/2020,2.85,2.85,2.85,2.85,2.667633,0
3/19/2020,2.79,2.79,2.56,2.61,2.44299,2678900
3/20/2020,2.62,2.9,2.61,2.9,2.714433,2446000
3/23/2020,2.82,2.82,2.63,2.75,2.574032,1501000
3/24/2020,2.9,2.92,2.77,2.9,2.714433,1993500
3/25/2020,3.1,3.1,2.94,2.99,2.798674,1716700
3/26/2020,3,3.01,2.86,2.96,2.770594,1177100
3/27/2020,3,3.07,3,3.04,2.845475,1223400
3/30/2020,3.02,3.02,2.95,2.97,2.779954,505100
3/31/2020,3.05,3.14,2.98,3.09,2.892275,1748000
4/1/2020,3.08,3.2,3.06,3.07,2.873555,1485500
4/2/2020,3.06,3.2,3.04,3.17,2.967156,1321800
4/3/2020,3.14,3.2,3.06,3.09,2.892275,1355100
4/6/2020,3,3.1,3,3.07,2.873555,984500
4/7/2020,3.15,3.17,3.06,3.17,2.967156,1559700
4/8/2020,3.13,3.14,3.07,3.1,2.901636,765300
4/9/2020,3.12,3.16,3.11,3.11,2.910996,720800
4/13/2020,3.1,3.16,3.04,3.16,2.957797,1464100
4/14/2020,3.18,3.31,3.15,3.31,3.098198,1201700
4/15/2020,3.3,3.4,3.28,3.38,3.163719,1864900
4/16/2020,3.37,3.5,3.3,3.49,3.26668,2465600
4/17/2020,3.48,3.49,3.38,3.39,3.173079,1609700
4/20/2020,3.4,3.43,3.36,3.4,3.182439,979900
4/21/2020,3.4,3.4,3.31,3.33,3.116918,1037600
4/22/2020,3.29,3.35,3.28,3.34,3.126279,1448800
4/23/2020,3.35,3.4,3.35,3.4,3.182439,1174300
4/24/2020,3.38,3.39,3.31,3.31,3.098198,674500
4/27/2020,3.34,3.35,3.29,3.32,3.107558,1229600
4/28/2020,3.37,3.37,3.3,3.35,3.135638,1017700
4/29/2020,3.3,3.35,3.3,3.31,3.12921,1026700
4/30/2020,3.34,3.36,3.28,3.3,3.119756,988200
5/4/2020,3.3,3.31,3.22,3.23,3.05358,718400
5/5/2020,3.2,3.28,3.2,3.25,3.072487,729400
5/6/2020,3.25,3.28,3.24,3.26,3.081941,385500
5/8/2020,3.28,3.28,3.25,3.27,3.091394,841900
5/11/2020,3.27,3.29,3.24,3.25,3.072487,571000
5/12/2020,3.28,3.28,3.21,3.23,3.05358,615500
5/13/2020,3.24,3.24,3.18,3.19,3.015764,851000
5/14/2020,3.17,3.22,3.09,3.15,2.977949,1328200
5/15/2020,3.14,3.2,3.14,3.17,2.996857,414300
5/18/2020,3.19,3.22,3.16,3.19,3.015764,445400
5/19/2020,3.19,3.26,3.19,3.26,3.081941,928000
5/20/2020,3.26,3.26,3.22,3.24,3.063033,258700
5/21/2020,3.24,3.26,3.21,3.23,3.05358,529400
5/22/2020,3.27,3.27,3.18,3.23,3.05358,756200
5/26/2020,3.22,3.25,3.2,3.24,3.063033,531100
5/27/2020,3.24,3.25,3.22,3.25,3.072487,644300
5/28/2020,3.25,3.33,3.23,3.31,3.12921,1391900
5/29/2020,3.3,3.47,3.3,3.47,3.280471,1423900
6/1/2020,3.47,3.48,3.4,3.44,3.25211,655000
6/2/2020,3.38,3.52,3.38,3.48,3.289925,822400
6/3/2020,3.5,3.5,3.41,3.44,3.25211,921400
6/4/2020,3.5,3.5,3.44,3.5,3.308832,691100
6/5/2020,3.5,3.53,3.45,3.52,3.32774,1036500
6/8/2020,3.52,3.52,3.48,3.49,3.299379,669300
6/9/2020,3.5,3.51,3.46,3.49,3.299379,831600
6/10/2020,3.49,3.49,3.43,3.46,3.271017,330500
6/11/2020,3.46,3.46,3.37,3.39,3.20484,601700
6/12/2020,3.35,3.39,3.3,3.39,3.20484,780700
6/15/2020,3.41,3.48,3.38,3.46,3.271017,603200
6/16/2020,3.48,3.48,3.44,3.45,3.261564,471900
6/17/2020,3.45,3.48,3.43,3.44,3.25211,271500
6/18/2020,3.46,3.48,3.43,3.48,3.289925,623100
6/19/2020,3.43,3.49,3.42,3.42,3.233202,924500
6/22/2020,3.47,3.47,3.43,3.44,3.25211,146300
6/23/2020,3.43,3.46,3.43,3.45,3.261564,476100
6/24/2020,3.47,3.47,3.41,3.42,3.233202,343100
6/25/2020,3.42,3.42,3.36,3.4,3.214294,339700
6/26/2020,3.4,3.48,3.4,3.46,3.271017,442000
6/29/2020,3.49,3.49,3.43,3.43,3.242656,390000
6/30/2020,3.45,3.48,3.34,3.34,3.157571,1074900
7/1/2020,3.35,3.38,3.34,3.35,3.167025,457100
7/2/2020,3.38,3.41,3.36,3.41,3.223748,454300
7/3/2020,3.44,3.44,3.38,3.42,3.233202,211600
7/6/2020,3.41,3.46,3.39,3.46,3.271017,352600
7/7/2020,3.45,3.46,3.42,3.43,3.242656,257900
7/8/2020,3.45,3.45,3.38,3.4,3.214294,491700
7/9/2020,3.39,3.39,3.36,3.37,3.185932,382000
7/13/2020,3.41,3.41,3.33,3.34,3.157571,803900
7/14/2020,3.33,3.34,3.29,3.31,3.12921,939600
7/15/2020,3.32,3.37,3.31,3.34,3.157571,373800
7/16/2020,3.31,3.36,3.29,3.29,3.110302,472500
7/17/2020,3.31,3.34,3.31,3.33,3.148118,713500
7/20/2020,3.33,3.35,3.33,3.34,3.157571,209300
7/21/2020,3.34,3.41,3.33,3.41,3.223748,495700
7/22/2020,3.4,3.41,3.36,3.38,3.195386,429600
7/23/2020,3.35,3.44,3.35,3.43,3.242656,420400
7/24/2020,3.38,3.41,3.35,3.41,3.223748,310200
7/27/2020,3.39,3.42,3.38,3.4,3.214294,252700
7/28/2020,3.43,3.47,3.42,3.44,3.25211,540200
7/29/2020,3.44,3.49,3.44,3.44,3.25211,1174300
7/30/2020,3.47,3.56,3.44,3.56,3.365555,1842800
8/3/2020,3.56,3.61,3.51,3.57,3.375009,987600
8/4/2020,3.52,3.61,3.52,3.6,3.40337,649100
8/5/2020,3.58,3.6,3.53,3.6,3.435434,503500
8/6/2020,3.62,3.62,3.55,3.57,3.406806,332500
8/7/2020,3.57,3.57,3.49,3.5,3.340006,619800
8/11/2020,3.55,3.56,3.48,3.51,3.349549,635600
8/12/2020,3.5,3.58,3.48,3.53,3.368634,617500
8/13/2020,3.55,3.59,3.53,3.55,3.38772,313200
8/14/2020,3.55,3.6,3.5,3.54,3.378177,304900
8/17/2020,3.53,3.59,3.51,3.54,3.378177,403000
8/18/2020,3.52,3.65,3.52,3.63,3.464063,613300
8/19/2020,3.63,3.7,3.55,3.67,3.502234,483500
8/20/2020,3.7,3.7,3.56,3.56,3.397263,992300
8/21/2020,3.59,3.69,3.57,3.65,3.483149,506300
8/24/2020,3.66,3.75,3.66,3.73,3.559492,581400
8/25/2020,3.7,3.73,3.67,3.73,3.559492,557700
8/26/2020,3.75,3.76,3.68,3.72,3.549949,456600
8/27/2020,3.73,3.73,3.6,3.63,3.464063,1138900
8/28/2020,3.64,3.77,3.6,3.75,3.578577,566100
8/31/2020,3.72,3.77,3.71,3.76,3.58812,429900
9/1/2020,3.76,3.83,3.73,3.82,3.645377,510000
9/2/2020,3.82,3.86,3.76,3.86,3.683549,728400
9/3/2020,3.86,3.94,3.81,3.89,3.712178,759400
9/4/2020,3.83,3.95,3.82,3.85,3.674006,1805700
9/7/2020,3.92,4.12,3.89,4.06,3.874406,2254500
9/8/2020,4.06,4.08,4,4.05,3.864864,888300
9/9/2020,4.05,4.05,3.93,4.05,3.864864,1103600
9/10/2020,4.05,4.05,3.92,3.96,3.778978,1255500
9/11/2020,3.99,3.99,3.86,3.94,3.759892,1641400
9/14/2020,3.87,4,3.86,4,3.817149,2113859
9/15/2020,4,4.2,4,4.18,3.988921,2147200
9/16/2020,4.19,4.19,4.11,4.13,3.941207,1533200
9/17/2020,4.15,4.25,4.13,4.13,3.941207,2414600
9/18/2020,4.2,4.52,4.07,4.29,4.093893,18895200
9/21/2020,4.24,4.24,4.15,4.2,4.008007,1947700
9/22/2020,4.18,4.24,4.16,4.18,3.988921,1283700
9/23/2020,4.18,4.21,4.16,4.2,4.008007,1555700
9/24/2020,4.22,4.23,4.18,4.2,4.008007,656100
9/25/2020,4.19,4.22,4.16,4.21,4.01755,748300
9/28/2020,4.2,4.2,4.08,4.13,3.941207,841100
9/29/2020,4.12,4.12,4.06,4.09,3.903035,781300
9/30/2020,4.09,4.15,4.04,4.15,3.960293,1550000
10/1/2020,4.06,4.15,4.06,4.13,3.941207,634100
10/2/2020,4.14,4.14,4.11,4.14,3.950749,486100
10/5/2020,4.11,4.16,4.09,4.14,3.950749,526000
10/6/2020,4.13,4.17,4.11,4.15,3.960293,576400
10/7/2020,4.14,4.17,4.1,4.1,3.912578,596600
10/8/2020,4.13,4.14,4.1,4.11,3.922121,797400
10/9/2020,4.1,4.13,4.07,4.1,3.912578,453200
10/12/2020,4.09,4.1,4.05,4.08,3.893492,471700
10/13/2020,4.02,4.1,4.02,4.1,3.912578,645500
10/14/2020,4.07,4.11,4.05,4.07,3.88395,312300
10/15/2020,4.05,4.12,4.02,4.12,3.931664,429100
10/16/2020,4.08,4.11,4.06,4.09,3.903035,397500
10/19/2020,4.08,4.12,4.06,4.12,3.931664,711600
10/20/2020,4.1,4.1,4.04,4.08,3.893492,455500
10/21/2020,4.08,4.09,4.04,4.08,3.893492,564000
10/22/2020,4.09,4.09,4.03,4.08,3.893492,205800
10/23/2020,4.08,4.09,4.03,4.06,3.874406,259800
10/26/2020,4.08,4.09,4.02,4.09,3.903035,322700
10/27/2020,4.09,4.09,4,4.01,3.826693,440600
10/28/2020,4.02,4.04,4,4.01,3.826693,521500
10/29/2020,4,4.07,4,4.07,3.88395,333000
10/30/2020,4.08,4.08,4,4.05,3.864864,436000
11/2/2020,4.05,4.05,4,4.03,3.845778,407600
11/3/2020,4.03,4.1,4.03,4.1,3.912578,916500
11/4/2020,4.1,4.1,4.04,4.1,3.912578,1095300
11/5/2020,4.09,4.12,4.07,4.12,3.931664,612800
11/6/2020,4.12,4.12,4.06,4.12,3.931664,346100
11/9/2020,4.12,4.15,4.04,4.14,3.950749,488700
11/10/2020,4.14,4.14,3.81,3.87,3.693092,3835400
11/11/2020,3.9,3.95,3.82,3.87,3.727185,1569500
11/12/2020,3.88,3.94,3.83,3.94,3.794602,797000
11/13/2020,3.96,3.96,3.86,3.91,3.765709,487500
11/16/2020,3.91,4,3.91,4,3.852388,644400
11/17/2020,4.04,4.04,3.92,3.98,3.833126,537800
11/18/2020,3.98,4.01,3.95,4,3.852388,422200
11/19/2020,4.06,4.11,3.95,3.96,3.813864,1010200
11/20/2020,3.96,3.96,3.91,3.92,3.77534,735900
11/23/2020,3.92,3.94,3.82,3.83,3.688662,2043600
11/24/2020,3.86,4.03,3.84,4,3.852388,1316400
11/25/2020,4,4.02,3.94,3.97,3.823495,1334600
11/26/2020,4.01,4.03,3.95,3.95,3.804233,283100
11/27/2020,3.93,4,3.93,3.96,3.813864,119600
11/30/2020,3.96,3.99,3.92,3.99,3.842757,713900
12/1/2020,3.99,3.99,3.91,3.95,3.804233,606500
12/2/2020,3.93,3.96,3.89,3.91,3.765709,646200
12/3/2020,3.89,3.9,3.87,3.88,3.736816,523900
12/4/2020,3.88,3.89,3.83,3.84,3.698293,1388200
12/7/2020,3.82,3.85,3.8,3.8,3.659769,1532800
12/8/2020,3.8,3.84,3.8,3.81,3.669399,714700
12/9/2020,3.81,3.82,3.77,3.8,3.659769,648900
12/10/2020,3.78,3.83,3.77,3.82,3.67903,832400
12/11/2020,3.8,3.86,3.79,3.86,3.717555,1140600
12/14/2020,3.86,3.86,3.81,3.84,3.698293,799700
12/15/2020,3.86,3.86,3.82,3.84,3.698293,735700
12/16/2020,3.85,3.9,3.83,3.9,3.756079,850200
12/17/2020,3.91,3.91,3.82,3.82,3.67903,1142800
12/18/2020,3.83,3.87,3.82,3.87,3.727185,1071200
12/21/2020,3.87,3.88,3.81,3.84,3.698293,690400
12/22/2020,3.84,3.85,3.81,3.83,3.688662,256700
12/23/2020,3.82,3.85,3.82,3.84,3.698293,727600
12/24/2020,3.84,3.84,3.81,3.83,3.688662,189600
12/28/2020,3.83,3.83,3.79,3.8,3.659769,706000
12/29/2020,3.81,3.83,3.8,3.81,3.669399,519900
12/30/2020,3.84,3.9,3.81,3.88,3.736816,568100
12/31/2020,3.86,3.87,3.85,3.88,3.736816,103000
1/4/2021,3.89,3.9,3.87,3.9,3.756079,378000
1/5/2021,3.87,3.9,3.85,3.89,3.746448,223700
1/6/2021,3.9,3.92,3.88,3.88,3.736816,462200
1/7/2021,3.88,3.91,3.85,3.88,3.736816,380600
1/8/2021,3.88,3.93,3.86,3.86,3.717555,754100
1/11/2021,3.85,3.92,3.85,3.88,3.736816,648300
1/12/2021,3.91,4.01,3.91,3.98,3.833126,693200
1/13/2021,4,4.01,3.92,3.93,3.784971,456500
1/14/2021,3.98,3.99,3.96,3.97,3.823495,996400
1/15/2021,3.97,4.08,3.95,4.06,3.910174,1040000
1/18/2021,4.04,4.09,4.01,4.08,3.929435,433200
1/19/2021,4.08,4.09,4.05,4.09,3.939067,593700
1/20/2021,4.1,4.12,4.04,4.11,3.958329,378900
1/21/2021,4.13,4.13,4.06,4.09,3.939067,303500
1/22/2021,4.09,4.1,4.02,4.03,3.881281,689800
1/25/2021,4.05,4.06,3.99,4.01,3.86202,426200
1/26/2021,4.01,4.06,4.01,4.06,3.910174,465900
1/27/2021,4.05,4.18,4.05,4.18,4.025745,737300
1/28/2021,4.16,4.16,4.09,4.12,3.96796,914900
1/29/2021,4.14,4.15,4.1,4.15,3.996853,741000
2/1/2021,4.06,4.1,3.98,4,3.879121,1534300
2/2/2021,4.04,4.22,4.01,4.19,4.06338,1905000
2/3/2021,4.19,4.19,4.14,4.15,4.024588,369300
2/4/2021,4.18,4.18,4.06,4.08,3.956704,683700
2/5/2021,4.13,4.13,4.04,4.05,3.92761,507500
2/8/2021,4.05,4.1,4.03,4.04,3.917912,503900
2/9/2021,4.06,4.12,4.04,4.11,3.985797,525700
2/10/2021,4.11,4.12,4.05,4.09,3.966401,363900
2/11/2021,4.09,4.17,4.05,4.15,4.024588,651000
2/15/2021,4.15,4.17,4.12,4.14,4.01489,436000
2/16/2021,4.14,4.2,4.13,4.18,4.053681,869700
2/17/2021,4.21,4.21,4.15,4.18,4.053681,497100
2/18/2021,4.18,4.22,4.17,4.22,4.092473,482500
2/19/2021,4.22,4.22,4.14,4.16,4.034286,395000
2/22/2021,4.16,4.23,4.16,4.18,4.053681,508500
2/23/2021,4.19,4.2,4.17,4.2,4.073077,117800
2/24/2021,4.18,4.19,4.1,4.12,3.995494,443900
2/25/2021,4.16,4.22,4.13,4.19,4.06338,458000
2/26/2021,4.15,4.17,4.07,4.11,3.985797,587800
3/1/2021,4.1,4.19,4.1,4.16,4.034286,467600
3/2/2021,4.22,4.22,4.04,4.09,3.966401,496800
3/3/2021,4.11,4.12,4.08,4.1,3.976099,185700
3/4/2021,4.14,4.15,4.09,4.09,3.966401,253300
3/5/2021,4.1,4.25,4.1,4.25,4.121566,1197600
3/8/2021,4.24,4.25,4.12,4.12,3.995494,606500
3/9/2021,4.07,4.13,4.06,4.08,3.956704,692100
3/10/2021,4.08,4.11,4.04,4.07,3.947006,355400
3/11/2021,4.03,4.1,4.03,4.06,3.937308,878600
3/12/2021,4.1,4.12,4.07,4.1,3.976099,286600
3/15/2021,4.1,4.12,4.07,4.11,3.985797,704000
3/16/2021,4.12,4.13,4.08,4.09,3.966401,423800
3/17/2021,4.09,4.15,4.05,4.15,4.024588,478000
3/18/2021,4.14,4.18,4.12,4.16,4.034286,706100
3/19/2021,4.17,4.2,4.12,4.18,4.053681,1163300
3/22/2021,4.2,4.2,4.15,4.18,4.053681,458200
3/23/2021,4.18,4.2,4.11,4.16,4.034286,520900
3/24/2021,4.17,4.18,4.11,4.16,4.034286,382700
3/25/2021,4.13,4.19,4.13,4.16,4.034286,664500
3/26/2021,4.19,4.19,4.12,4.15,4.024588,441100
3/29/2021,4.14,4.16,4.1,4.1,3.976099,458900
3/30/2021,4.08,4.13,4.07,4.09,3.966401,1233000
3/31/2021,4.09,4.15,4.07,4.08,3.956704,1565200
4/1/2021,4.09,4.11,4.07,4.08,3.956704,623200
4/5/2021,4.08,4.11,4.06,4.08,3.956704,543700
4/6/2021,4.11,4.12,4.09,4.11,3.985797,289400
4/7/2021,4.11,4.12,4.08,4.11,3.985797,461100
4/8/2021,4.09,4.12,4.08,4.1,3.976099,230800
4/9/2021,4.11,4.12,4.08,4.1,3.976099,300300
4/12/2021,4.12,4.12,4.02,4.04,3.917912,1173300
4/13/2021,4.07,4.14,4.05,4.14,4.01489,650100
4/14/2021,4.09,4.13,4.09,4.1,3.976099,642200
4/15/2021,4.12,4.13,4.09,4.11,3.985797,78900
4/16/2021,4.13,4.13,4.08,4.11,3.985797,388700
4/19/2021,4.13,4.13,4.1,4.1,3.976099,341100
4/20/2021,4.13,4.15,4.11,4.14,4.01489,470400
4/21/2021,4.14,4.21,4.1,4.21,4.082775,1185800
4/22/2021,4.17,4.24,4.17,4.21,4.082775,994300
4/23/2021,4.22,4.22,4.15,4.16,4.034286,619900
4/26/2021,4.18,4.23,4.12,4.2,4.073077,475600
4/27/2021,4.2,4.22,4.19,4.2,4.073077,672400
4/28/2021,4.17,4.22,4.17,4.21,4.082775,416000
4/29/2021,4.21,4.21,4.18,4.19,4.06338,306900
4/30/2021,4.18,4.22,4.14,4.17,4.078736,612900
5/3/2021,4.2,4.22,4.16,4.19,4.098298,452800
5/4/2021,4.19,4.23,4.17,4.18,4.088517,336600
5/5/2021,4.18,4.22,4.18,4.21,4.11786,495900
5/6/2021,4.22,4.24,4.16,4.21,4.11786,505400
5/7/2021,4.21,4.3,4.2,4.29,4.19611,806300
5/10/2021,4.29,4.3,4.23,4.27,4.176548,585500
5/11/2021,4.19,4.29,4.19,4.22,4.127641,561000
5/12/2021,4.26,4.26,4.21,4.24,4.147204,372500
5/14/2021,4.24,4.24,4.15,4.17,4.078736,898500
5/17/2021,4.17,4.23,4.15,4.21,4.11786,484600
5/18/2021,4.21,4.32,4.2,4.31,4.215672,569900
5/19/2021,4.3,4.33,4.22,4.22,4.127641,356000
5/20/2021,4.2,4.29,4.2,4.24,4.147204,490400
5/21/2021,4.29,4.29,4.21,4.23,4.137423,530500
5/24/2021,4.23,4.28,4.23,4.26,4.166767,242900
5/25/2021,4.25,4.49,4.24,4.38,4.28414,1390900
5/27/2021,4.39,4.39,4.3,4.32,4.225453,882100
5/28/2021,4.34,4.38,4.33,4.38,4.28414,524900
5/31/2021,4.38,4.46,4.33,4.45,4.352608,630200
6/1/2021,4.48,4.48,4.39,4.42,4.323265,487800
6/2/2021,4.42,4.42,4.34,4.35,4.254796,390700
6/3/2021,4.4,4.4,4.29,4.33,4.235234,574300
6/4/2021,4.3,4.34,4.28,4.31,4.215672,415200
6/7/2021,4.34,4.38,4.28,4.32,4.225453,843000
6/8/2021,4.32,4.43,4.31,4.43,4.333045,1388600
6/9/2021,4.41,4.46,4.38,4.44,4.342827,930100
6/10/2021,4.39,4.45,4.34,4.4,4.303702,1000300
6/11/2021,4.41,4.47,4.36,4.43,4.333045,787000
6/14/2021,4.4,4.45,4.36,4.39,4.293921,663700
6/15/2021,4.38,4.46,4.38,4.42,4.323265,670200
6/16/2021,4.41,4.44,4.39,4.41,4.313483,461800
6/17/2021,4.38,4.45,4.37,4.42,4.323265,818600
6/18/2021,4.42,4.49,4.39,4.39,4.293921,2069300
6/21/2021,4.4,4.44,4.38,4.41,4.313483,387400
6/22/2021,4.42,4.47,4.36,4.45,4.352608,563500
6/23/2021,4.47,4.53,4.44,4.53,4.430857,1302800
6/24/2021,4.48,4.5,4.4,4.47,4.37217,907800
6/25/2021,4.47,4.57,4.45,4.55,4.450419,1160900
6/28/2021,4.58,4.58,4.47,4.52,4.421075,749100
6/29/2021,4.52,4.59,4.52,4.58,4.479763,530200
6/30/2021,4.55,4.61,4.53,4.59,4.489544,754300
7/1/2021,4.6,4.6,4.56,4.56,4.460201,422200
7/2/2021,4.53,4.59,4.53,4.59,4.489544,328500
7/5/2021,4.56,4.64,4.55,4.63,4.528669,637300
7/6/2021,4.63,4.7,4.62,4.68,4.577574,747900
7/7/2021,4.68,4.68,4.61,4.61,4.509106,299400
7/8/2021,4.61,4.69,4.61,4.68,4.577574,719500
7/9/2021,4.69,4.74,4.66,4.71,4.606918,856300
7/12/2021,4.71,4.79,4.71,4.73,4.62648,956200
7/13/2021,4.79,4.79,4.73,4.77,4.665605,514700
7/14/2021,4.78,4.81,4.73,4.77,4.665605,685500
7/15/2021,4.77,4.94,4.77,4.87,4.763416,2583500
7/16/2021,4.83,4.84,4.79,4.8,4.694948,1178000
7/19/2021,4.81,4.81,4.76,4.79,4.685166,742500
7/21/2021,4.77,4.77,4.66,4.74,4.636261,1513000
7/22/2021,4.74,4.76,4.66,4.7,4.597136,902400
7/23/2021,4.7,4.73,4.66,4.67,4.567793,730100
7/26/2021,4.68,4.74,4.67,4.72,4.616699,699800
7/27/2021,4.72,4.73,4.69,4.69,4.587355,836100
7/28/2021,4.69,4.74,4.68,4.69,4.587355,1013800
7/29/2021,4.71,4.74,4.68,4.74,4.636261,405000
7/30/2021,4.71,4.76,4.63,4.64,4.538449,1091600
8/2/2021,4.64,4.71,4.64,4.7,4.597136,642400
8/3/2021,4.69,4.71,4.63,4.69,4.620584,622600
8/4/2021,4.69,4.77,4.67,4.73,4.659992,1151800
8/5/2021,4.72,4.76,4.71,4.72,4.65014,373500
8/6/2021,4.75,4.86,4.72,4.79,4.719104,578800
8/10/2021,4.82,4.83,4.76,4.81,4.738808,386100
8/11/2021,4.79,4.8,4.73,4.74,4.669844,458000
8/12/2021,4.74,4.77,4.7,4.75,4.679696,495200
8/13/2021,4.75,4.79,4.74,4.78,4.709252,289600
8/16/2021,4.78,4.82,4.74,4.74,4.669844,329500
8/17/2021,4.74,4.86,4.74,4.81,4.738808,912600
8/18/2021,4.84,4.92,4.82,4.91,4.837328,633200
8/19/2021,4.91,4.94,4.85,4.86,4.788068,910400
8/20/2021,4.86,4.89,4.82,4.86,4.788068,412700
8/23/2021,4.86,4.88,4.77,4.87,4.79792,567300
8/24/2021,4.79,4.85,4.78,4.8,4.728956,610400
8/25/2021,4.84,4.85,4.79,4.83,4.758512,818800
8/26/2021,4.84,4.84,4.74,4.77,4.6994,756200
8/27/2021,4.79,4.84,4.76,4.82,4.74866,678800
8/30/2021,4.82,4.9,4.8,4.9,4.827476,549100
8/31/2021,4.91,4.91,4.83,4.84,4.768364,728200
9/1/2021,4.85,4.87,4.8,4.83,4.758512,652700
9/2/2021,4.81,4.92,4.81,4.88,4.807772,421300
9/3/2021,4.88,4.91,4.84,4.89,4.817624,395200
9/6/2021,4.89,4.91,4.84,4.9,4.827476,237000
9/7/2021,4.91,4.91,4.85,4.87,4.79792,259900
9/8/2021,4.86,4.86,4.82,4.82,4.74866,471200
9/9/2021,4.88,4.88,4.77,4.84,4.768364,701300
9/10/2021,4.83,4.84,4.8,4.82,4.74866,274100
9/13/2021,4.82,4.82,4.74,4.75,4.679696,706800
9/14/2021,4.75,4.78,4.73,4.75,4.679696,808300
9/15/2021,4.76,4.77,4.73,4.74,4.669844,311700
9/16/2021,4.74,4.81,4.73,4.81,4.738808,390000
9/17/2021,4.8,4.81,4.71,4.72,4.65014,1935800
9/20/2021,4.72,4.75,4.66,4.7,4.630436,627600
9/21/2021,4.67,4.74,4.67,4.72,4.65014,273400
9/22/2021,4.75,4.79,4.73,4.75,4.679696,465300
9/23/2021,4.76,4.8,4.75,4.77,4.6994,360700
9/24/2021,4.77,4.8,4.69,4.72,4.65014,957000
9/27/2021,4.75,4.78,4.71,4.72,4.65014,971000
9/28/2021,4.72,4.74,4.68,4.71,4.640288,535300
9/29/2021,4.69,4.69,4.65,4.66,4.591028,492500
9/30/2021,4.65,4.68,4.63,4.65,4.581176,510600
10/1/2021,4.66,4.68,4.58,4.59,4.522065,774000
10/4/2021,4.59,4.66,4.52,4.53,4.462952,1272700
10/5/2021,4.53,4.57,4.5,4.54,4.472805,1180000
10/6/2021,4.61,4.62,4.53,4.56,4.492508,545000
10/7/2021,4.54,4.62,4.54,4.58,4.512212,379300
10/8/2021,4.62,4.62,4.52,4.54,4.472805,591300
10/11/2021,4.52,4.54,4.43,4.5,4.433396,1010000
10/12/2021,4.5,4.5,4.44,4.46,4.393989,436200
10/13/2021,4.45,4.53,4.45,4.49,4.423544,379700
10/14/2021,4.55,4.56,4.5,4.53,4.462952,276000
10/15/2021,4.54,4.58,4.52,4.54,4.472805,608400
10/18/2021,4.51,4.55,4.49,4.52,4.4531,485700
10/19/2021,4.52,4.54,4.47,4.5,4.433396,293500
10/20/2021,4.5,4.57,4.5,4.53,4.462952,380700
10/21/2021,4.53,4.54,4.5,4.51,4.443248,652800
10/22/2021,4.51,4.54,4.49,4.53,4.462952,360200
10/25/2021,4.53,4.58,4.51,4.54,4.472805,362400
10/26/2021,4.54,4.56,4.5,4.55,4.482656,571100
10/27/2021,4.55,4.62,4.54,4.6,4.531916,262400
10/28/2021,4.62,4.62,4.57,4.59,4.522065,296700
10/29/2021,4.68,4.69,4.6,4.66,4.591028,969700
11/1/2021,4.69,4.7,4.63,4.66,4.591028,353700
11/2/2021,4.68,4.68,4.63,4.63,4.561472,608400
11/3/2021,4.63,4.68,4.63,4.65,4.581176,270200
11/5/2021,4.7,4.82,4.68,4.78,4.709252,824500
11/8/2021,4.81,4.83,4.78,4.81,4.738808,560000
11/9/2021,4.82,4.87,4.82,4.85,4.778216,472000
11/10/2021,4.86,4.86,4.77,4.85,4.778216,358800
11/11/2021,4.82,4.85,4.8,4.85,4.813549,343200
11/12/2021,4.85,4.86,4.79,4.81,4.773849,353500
11/15/2021,4.82,4.86,4.79,4.86,4.823473,458200
11/16/2021,4.82,4.9,4.82,4.9,4.863173,643000
11/17/2021,4.84,4.89,4.79,4.85,4.813549,531300
11/18/2021,4.8,4.87,4.8,4.87,4.833398,279100
11/19/2021,4.83,4.98,4.83,4.98,4.942571,1126400
11/22/2021,4.98,4.98,4.9,4.95,4.912796,433500
11/23/2021,4.95,5,4.93,4.96,4.922722,529200
11/24/2021,4.99,5.09,4.96,5.04,5.00212,1038000
11/25/2021,5.04,5.07,4.8,4.98,4.942571,614300
11/26/2021,5,5.05,4.99,5,4.962421,328400
11/29/2021,5,5.06,4.99,5,4.962421,688500
11/30/2021,4.94,5.03,4.91,4.93,4.892947,464900
12/1/2021,4.91,5.02,4.91,4.96,4.922722,788200
12/2/2021,4.94,5,4.94,4.99,4.952496,226000
12/3/2021,4.99,5,4.92,4.96,4.922722,326400
12/6/2021,4.97,5.01,4.95,4.98,4.942571,415900
12/7/2021,5,5.04,4.98,5,4.962421,385300
12/8/2021,4.98,5.04,4.98,5.01,4.972346,310800
12/9/2021,5,5.04,4.98,5.04,5.00212,312000
12/10/2021,5.09,5.14,5.05,5.07,5.031895,562100
12/13/2021,5.07,5.1,4.89,4.97,4.932646,1385400
12/14/2021,4.98,5.02,4.95,5,4.962421,456300
12/15/2021,4.98,4.99,4.93,4.97,4.932646,573100
12/16/2021,4.99,5.05,4.93,5.05,5.012045,496000
12/17/2021,5,5,4.91,4.96,4.922722,1556500
12/20/2021,4.97,4.97,4.91,4.94,4.902872,439200
12/21/2021,4.94,5,4.94,4.98,4.942571,320300
12/22/2021,5,5.02,4.97,5,4.962421,208800
12/23/2021,5.03,5.05,5.01,5.04,5.00212,439700
12/24/2021,5.03,5.08,5.03,5.08,5.04182,89100
12/27/2021,5.1,5.1,5.04,5.05,5.012045,322800
12/28/2021,5.06,5.12,5.06,5.09,5.051745,251800
12/29/2021,5.1,5.15,5.09,5.15,5.111294,303800
12/30/2021,5.15,5.17,5.12,5.17,5.131144,161800
12/31/2021,5.1,5.2,5.1,5.13,5.091444,241000
1/3/2022,5.2,5.2,5.13,5.13,5.091444,177900
1/4/2022,5.16,5.22,5.15,5.2,5.160918,249900
1/5/2022,5.2,5.2,5.05,5.06,5.02197,601700
1/6/2022,5.05,5.1,5.05,5.08,5.04182,349100
1/7/2022,5.09,5.09,5.03,5.05,5.012045,306900
1/10/2022,5.05,5.05,4.98,5,4.962421,244400
1/11/2022,4.97,5.03,4.95,5.01,4.972346,308700
1/12/2022,5.02,5.03,4.94,4.94,4.902872,533800
1/13/2022,4.96,5,4.96,4.99,4.952496,278200
1/14/2022,5,5.02,4.95,4.98,4.942571,323500
1/17/2022,4.97,4.97,4.93,4.95,4.912796,250000
1/18/2022,4.95,4.98,4.94,4.98,4.942571,285400
1/19/2022,4.98,4.99,4.91,4.95,4.912796,376100
1/20/2022,4.91,4.97,4.91,4.94,4.902872,757100
1/21/2022,4.95,4.98,4.94,4.96,4.922722,295000
1/24/2022,4.9,4.97,4.9,4.94,4.902872,659900
1/25/2022,4.94,4.97,4.88,4.9,4.863173,1389600
1/26/2022,4.89,4.93,4.88,4.91,4.873097,234700
1/27/2022,4.89,4.89,4.8,4.8,4.763925,782300
1/28/2022,4.78,4.78,4.74,4.75,4.7143,429800
1/31/2022,4.76,4.82,4.74,4.79,4.79,450800
2/3/2022,4.85,4.86,4.8,4.81,4.81,972900
2/4/2022,4.8,4.8,4.75,4.77,4.77,401600
2/7/2022,4.79,4.79,4.67,4.7,4.7,403700
2/8/2022,4.69,4.73,4.52,4.55,4.55,1617200
2/9/2022,4.55,4.57,4.45,4.55,4.55,1913000
2/10/2022,4.56,4.65,4.55,4.62,4.62,749300
2/11/2022,4.59,4.64,4.57,4.62,4.62,1018600
2/14/2022,4.62,4.62,4.55,4.56,4.56,1044100
2/15/2022,4.57,4.64,4.57,4.6,4.6,1229900
2/16/2022,4.64,4.64,4.55,4.56,4.56,877900
2/17/2022,4.56,4.63,4.56,4.6,4.6,942100
2/18/2022,4.59,4.65,4.55,4.59,4.59,693600
2/21/2022,4.6,4.62,4.55,4.56,4.56,530900
2/22/2022,4.55,4.57,4.5,4.5,4.5,353900
2/23/2022,4.52,4.56,4.5,4.51,4.51,473500
2/24/2022,4.51,4.58,4.47,4.47,4.47,856300
2/25/2022,4.48,4.59,4.46,4.46,4.46,1120400
2/28/2022,4.47,4.51,4.47,4.47,4.47,642200
3/1/2022,4.47,4.53,4.47,4.5,4.5,621700
3/2/2022,4.5,4.69,4.49,4.69,4.69,2185500
3/3/2022,4.71,4.71,4.61,4.62,4.62,701300
3/4/2022,4.63,4.65,4.6,4.63,4.63,313100
3/7/2022,4.65,4.69,4.61,4.65,4.65,1364595
3/8/2022,4.68,4.74,4.62,4.67,4.67,697200
3/9/2022,4.65,4.68,4.63,4.64,4.64,229700
3/10/2022,4.64,4.69,4.64,4.64,4.64,543100
3/11/2022,4.68,4.68,4.62,4.66,4.66,892400
3/14/2022,4.7,4.73,4.62,4.62,4.62,331200
3/15/2022,4.63,4.68,4.62,4.65,4.65,534400
3/16/2022,4.66,4.7,4.62,4.66,4.66,1149200
3/17/2022,4.67,4.72,4.67,4.72,4.72,754300
3/18/2022,4.75,4.75,4.7,4.7,4.7,917400
3/21/2022,4.73,4.74,4.68,4.71,4.71,681000
3/22/2022,4.73,4.78,4.69,4.7,4.7,1063100
3/23/2022,4.71,4.72,4.67,4.7,4.7,617000
3/24/2022,4.68,4.74,4.65,4.73,4.73,749500
3/25/2022,4.75,4.8,4.67,4.67,4.67,1520400
3/28/2022,4.7,4.73,4.67,4.7,4.7,787100
3/29/2022,4.7,4.73,4.69,4.73,4.73,727400
3/30/2022,4.71,4.75,4.69,4.72,4.72,707800
3/31/2022,4.72,4.79,4.7,4.7,4.7,1287500
4/1/2022,4.7,4.87,4.7,4.81,4.81,1427700
4/4/2022,4.85,4.97,4.83,4.96,4.96,1027000
4/5/2022,4.98,4.98,4.89,4.96,4.96,836800
4/6/2022,4.94,4.95,4.89,4.89,4.89,469600
4/7/2022,4.8,4.98,4.8,4.91,4.91,853600
4/8/2022,4.87,4.94,4.85,4.87,4.87,547800
4/11/2022,4.86,4.9,4.8,4.81,4.81,406400
4/12/2022,4.85,4.85,4.8,4.81,4.81,487100
4/13/2022,4.85,4.86,4.81,4.83,4.83,376600
4/14/2022,4.86,4.94,4.85,4.89,4.89,613400
